sample_id;prediction
131672_1767670500;103.685
131672_1767670800;91.016
131672_1767671100;118.969
131672_1767671400;148.265
134040_1767672000;35.054
134040_1767672300;26.615
134040_1767672600;17.326
134040_1767672900;92.0
134040_1767673200;46.297
134040_1767673500;77.061
122048_1767673800;55.694
122048_1767674100;65.723
122048_1767674400;-24.615
122048_1767674700;-56.701
122048_1767675000;-7.204
122048_1767675300;-17.63
131672_1767675600;12.539
131672_1767675900;80.0
131672_1767676200;86.0
131672_1767676500;-26.414
131672_1767676800;12.363
131672_1767677100;10.575
122658_1767679500;86.978
122658_1767679800;69.889
122658_1767680100;69.358
122658_1767680400;97.833
122658_1767680700;97.778
134040_1767684600;-41.588
130238_1767684600;19.58
130238_1767684900;34.351
134040_1767684900;14.088
134040_1767685200;58.736
130238_1767685200;47.675
134040_1767685500;76.1
130238_1767685500;68.39
134040_1767685800;143.944
130238_1767685800;77.115
130238_1767686100;83.446
134040_1767686100;91.167
122658_1767686400;-1.098
122658_1767686700;12.408
122658_1767687000;-1.773
122658_1767687300;0.0
122658_1767687600;4.486
122658_1767687900;100.101
122613_1767690000;52.601
122613_1767690300;42.58
122613_1767690600;32.221
122613_1767690900;27.469
122613_1767691200;25.134
122613_1767691500;40.087
122048_1767695400;-66.004
122048_1767695700;2.004
122048_1767696000;-81.625
122048_1767696300;-43.644
122048_1767696600;37.581
122048_1767696900;-99.599
133300_1767699000;211.0
122048_1767699000;-204.043
133300_1767699300;74.069
122048_1767699300;-132.315
122048_1767699600;-199.0
133300_1767699600;97.953
122048_1767699900;-80.021
133300_1767699900;67.87
122048_1767700200;-91.802
133300_1767700200;96.368
122048_1767700500;154.414
133300_1767700500;8.533
133957_1767700800;43.312
133957_1767701100;139.401
133957_1767701400;68.179
133957_1767701700;80.044
133957_1767702000;171.809
133957_1767702300;133.811
129964_1767702600;-6.227
129964_1767702900;-18.37
129964_1767703200;-10.913
129964_1767703500;-23.0
129964_1767704100;-118.417
122658_1767706200;39.548
122658_1767706500;-1.732
122658_1767706800;7.318
122658_1767707100;10.176
122658_1767707400;-8.994
131672_1767709800;40.627
122048_1767709800;4.333
131672_1767710100;1.901
122048_1767710100;36.447
131672_1767710400;-63.008
122048_1767710400;37.091
122048_1767710700;11.069
131672_1767710700;-33.509
131672_1767711000;-78.142
122048_1767711000;49.623
122048_1767711300;8.324
131672_1767711300;-94.266
132430_1767713400;314.318
133300_1767713400;-24.634
132430_1767713700;348.338
133300_1767713700;-60.755
133300_1767714000;-52.443
132430_1767714000;238.222
132430_1767714300;280.248
133300_1767714600;6.0
132430_1767714600;368.68
132430_1767714900;321.917
133300_1767714900;8.402
122048_1767717000;-69.301
122048_1767717300;3.043
122048_1767717600;-62.188
122613_1767718800;109.155
132430_1767720000;-23.39
132430_1767720300;47.356
131672_1767722400;73.605
131672_1767722700;154.333
131672_1767723000;184.195
131672_1767723300;238.181
131672_1767723600;317.0
131672_1767723900;364.603
133957_1767724200;267.168
132430_1767727800;147.094
132430_1767728100;226.095
132430_1767728400;207.419
132430_1767728700;211.817
132430_1767729000;66.958
132430_1767729300;125.718
122048_1767731400;12.921
122048_1767731700;-22.042
122048_1767732000;18.205
122048_1767732300;14.638
122048_1767732600;6.735
122048_1767732900;7.657
134040_1767733200;328.799
134040_1767733500;344.525
134040_1767733800;435.392
134040_1767734100;446.192
134040_1767734400;426.743
134040_1767734700;463.148
130072_1767736800;-21.157
130072_1767737100;35.417
130072_1767737400;-19.734
130072_1767737700;-0.026
130072_1767738000;11.181
130072_1767738300;3.46
130072_1767742200;9.206
130072_1767742500;32.417
130072_1767742800;25.136
130072_1767743100;-16.518
130072_1767743400;5.211
130072_1767743700;-5.654
